,V1
1,A6140L102,A6140L102CeMee,A6140L103
2,A6140L109,A6140L109CeMee
3,A6140L110CeMee,A6140L111CeMee
4,A6140L11CeMee,A6140L32
5,A6140L132,A6140L264CeMee
6,A6140L146,A6140L146CeMee
7,A6140L14CeMee,A6140L15,A6140L29CeMee
8,A6140L16,A6140L16CeMee
9,A6140L17,A6140L17CeMee,A6140L76CeMee
10,A6140L177,A6140L177CeMee
11,A6140L18CeMee,A6140L2CeMee
12,A6140L211CeMee,A6140L24CeMee
13,A6140L224,A6140L224CeMee
14,A6140L236CeMee,A6140L294CeMee
15,A6140L282,A6140L282CeMee
16,A6140L309,A6140L309CeMee
17,A6140L33,CA1100L45,CA1100L45CeMee,CA1100L47
18,A6140L355,A6140L355CeMee
19,A6140L37,A6140L37CeMee
20,A6140L4,A6140L4CeMee,CA1100L26
21,A6140L47,A6140L73,A6140L73CeMee
22,A6140L51,A6140L51CeMee
23,A6140L58,A6140L58CeMee
24,A6140L61,A6140L61CeMee
25,A6140L63CeMee,A6140L86,A6140L86CeMee
26,A6140L79,A6140L79CeMee
27,A6140L8,A6140L8CeMee
28,A6140L83,A6140L83CeMee
29,A6140L92,A6140L92CeMee
30,A6140L93CeMee,A6140L99CeMee
31,A6140L95,A6140L95CeMee
32,CA1100L102,CA1100L97,CA1100L97CeMee
33,CA1100L104,CA1100L105,CA1100L106,CA1100L108,CA1100L109,CA1100L110
34,CA1100L11,CA1100L11CeMee
35,CA1100L114,CA1100L114CeMee
36,CA1100L118,CA1100L118CeMee
37,CA1100L120,CA1100L120CeMee
38,CA1100L15,CA1100L15CeMee,CA1100L6,CA1100L6CeMee
39,CA1100L17,CA1100L17CeMee
40,CA1100L2,CA1100L2CeMee
41,CA1100L25,CA1100L25CeMee
42,CA1100L29,CA1100L29CeMee
43,CA1100L3,CA1100L3CeMee,CA1100L4
44,CA1100L30,CA1100L30CeMee
45,CA1100L31,CA1100L31CeMee
46,CA1100L35,CA1100L35CeMee,CA1100L36
47,CA1100L38,CA1100L38CeMee
48,CA1100L39,CA1100L39CeMee
49,CA1100L40,CA1100L40CeMee
50,CA1100L48,CA1100L49
51,CA1100L50,CA1100L50CeMee
52,CA1100L52,CA1100L52CeMee
53,CA1100L53,CA1100L53CeMee
54,CA1100L59,CA1100L59CeMee
55,CA1100L62,CA1100L62CeMee
56,CA1100L67,CA1100L67CeMee
57,CA1100L72,CA2100L37
58,CA1100L73,CA1100L73CeMee
59,CA1100L75,CA1100L76,CA1100L76CeMee
60,CA1100L79,CA1100L84,CA1100L84CeMee,CA1100L88
61,CA1100L80CeMee,CA2100L80
62,CA1100L92,CA1100L93
63,CA1100L94,CA1100L95,CA1100L95CeMee
64,CA1100L98,CA1100L99
65,CA150L19CeMee,CA150L51CeMee
66,CA2100L10,CA2100L10CeMee,CA2100L9
67,CA2100L104,CA2100L99CeMee
68,CA2100L105,CA2100L107
69,CA2100L106,CA2100L106CeMee
70,CA2100L109,CA2100L109CeMee
71,CA2100L11,CA2100L11CeMee
72,CA2100L113,CA2100L64
73,CA2100L115,CA2100L115CeMee
74,CA2100L15,CA2100L15CeMee
75,CA2100L16,CA2100L16CeMee
76,CA2100L17,CA2100L17CeMee
77,CA2100L2,CA2100L2CeMee,CA2100L3
78,CA2100L26,CA2100L47,CA2100L47CeMee
79,CA2100L29,CA2100L42,CA2100L42CeMee
80,CA2100L19,CA2100L19CeMee,CA2100L20,CA2100L20CeMee,CA2100L25,CA2100L32,CA2100L32CeMee
81,CA2100L33,CA2100L33CeMee
82,CA2100L34,CA2100L49,CA2100L49CeMee,CA2100L51
83,CA2100L36,CA2100L36CeMee
84,CA2100L43,CA2100L43CeMee
85,CA2100L44,CA2100L44CeMee
86,CA2100L46,CA2100L46CeMee
87,CA2100L5,CA2100L5CeMee
88,CA2100L52,CA2100L52CeMee
89,CA2100L56,CA2100L58,CA2100L69CeMee,CA2100L70
90,CA2100L6,CA2100L6CeMee
91,CA2100L66,CA2100L67,CA2100L68
92,CA2100L7,CA2100L7CeMee
93,CA2100L75,CA2100L77,CA2100L77CeMee
94,CA2100L81,CA2100L81CeMee
95,CA2100L82,CA2100L82CeMee
96,CA2100L88,CA2100L88CeMee
97,CA2100L96,CA2100L96CeMee
98,CA250L32CeMee,CA250L33CeMee
99,CA3100L54CeMee,CA3100L85CeMee
100,CA3100L84CeMee,CA3100L86CeMee
101,CA3100L97CeMee,CA3100L98CeMee
102,EEV1401,LR3L104,LR3L114
103,GA150L13CeMee,GA150L14CeMee
104,GA150L21CeMee,GA150L58CeMee
105,GA150L8CeMee,GA150L9CeMee
106,GA250L10CeMee,GA450L15CeMee
107,GA250L11CeMee,GA450L1CeMee,GA450L22CeMee,GA450L42CeMee
108,GA250L28CeMee,GA250L29CeMee,GA250L35CeMee
109,GA250L30CeMee,GA250L34CeMee
110,GA250L36CeMee,GA250L42CeMee
111,GA250L41CeMee,GA250L46CeMee
112,GA250L50CeMee,GA450L26CeMee,GA450L30
113,GA250L52CeMee,GA250L8CeMee
114,GA450L11CeMee,GA450L33CeMee
115,GA450L13CeMee,GA450L27CeMee
116,GA450L16CeMee,GA450L28CeMee,GA450L8CeMee
117,GA450L20CeMee,GA450L21CeMee
118,GM150L1,GM350L28
119,GM150L10,GM150L12,GM150L13,GM150L14,GM150L15,GM150L16,GM150L18,GM150L19,GM150L2,GM150L20,GM150L21,GM150L22,GM150L27,GM150L28,GM150L29,GM150L3,GM150L30,GM150L31,GM150L33,GM150L4,GM150L41,GM150L45,GM150L46,GM150L49,GM150L5,GM150L50,GM150L7,GM150L9,GM350L45
120,GM150L11,GM150L17,GM150L35,GM150L42,GM150L47,GM350L31,GM350L43
121,GM150L23,GM150L26,GM150L34,GM150L38,GM150L43,GM150L44,GM350L37
122,GM150L24,GM150L48,GM350L11,GM350L12,GM350L16,GM350L23,GM350L25,GM350L33,GM350L40,GM350L42,GM350L47,GM350L50
123,GM150L32,GM350L10
124,GM150L39,GM150L6,GM150L8
125,GM350L1,GM350L13,GM350L14,GM350L15,GM350L17,GM350L18,GM350L19,GM350L2,GM350L20,GM350L21,GM350L22,GM350L24,GM350L26,GM350L27,GM350L29,GM350L3,GM350L30,GM350L32,GM350L34,GM350L35,GM350L36,GM350L38,GM350L39,GM350L4,GM350L41,GM350L44,GM350L48,GM350L49,GM350L5,GM350L6,GM350L7,GM350L9
126,GT150L11,GT150L12
127,GT150L29,GT250L29
128,GT250L14,GT250L26
129,GT250L19,GT250L21
130,LR1L401,LR1L402
131,LR3L140,LR3L141
132,SMR24L9,SMR25L134
133,SMR25L146,SMR25L147
134,SMR25L153,SMR25L154
135,SMR25L33,SMR25L4
